{"test/2_acc":0,"train/lr":9e-08,"_timestamp":1.7427416412245848e+09,"train/epochloss":2.0671257972717285,"train/epochacc":0,"train/epochtop_1_acc":0,"train/top_3_acc":0,"_wandb":{"runtime":17},"train/cross_entropy_loss":10.636368751525879,"_runtime":17.251037936,"train/epochtop_2_acc":0,"train/top_1_acc":0,"train/acc":0,"_step":10,"train/loss":2.09781551361084,"test/4_acc":0,"train/smooth_L1_loss":1.0341784954071045,"test/1_acc":0,"test/3_acc":0,"train/epochtop_3_acc":0,"test/0_acc":0,"train/top_2_acc":0}