{"train/smooth_L1_loss":0.9437556862831116,"train/epochloss":1.5020411014556885,"_step":394,"train/top_1_acc":0.45454545454545453,"test/top_3_acc":0.20952380952380953,"train/cross_entropy_loss":4.17939567565918,"test/top_2_acc":0.1523809523809524,"train/top_2_acc":0.7272727272727273,"test/4_acc":0,"test/0_acc":0.11428571428571428,"test/epochloss":1.7164360284805298,"train/epochtop_2_acc":0.24147157190635452,"_runtime":216.040057639,"test/1_acc":0.009523809523809525,"test/top_1_acc":0.09523809523809523,"_wandb":{"runtime":216},"test/2_acc":0,"train/epochtop_1_acc":0.17324414715719064,"_timestamp":1.7434139964774766e+09,"train/lr":4.59e-06,"test/epochacc":0.10476190476190476,"train/top_3_acc":0.7272727272727273,"train/epochacc":0.17190635451505018,"train/acc":0.45454545454545453,"train/loss":1.3616952896118164,"test/3_acc":0,"train/epochtop_3_acc":0.2762541806020067}