{"loss":0.12024327202944059,"_wandb":{"runtime":1},"_timestamp":1.742610722542326e+09,"_runtime":1.330479368,"_step":7,"acc":0.8947855694420261}