{"train/epochtop_3_acc":0.09246575342465753,"train/lr":1.8900000000000001e-06,"train/top_3_acc":0.08074534161490683,"test/epochacc":0.0380952380952381,"test/epochloss":1.8605836629867554,"test/2_acc":0.009523809523809525,"train/cross_entropy_loss":8.687877655029297,"train/epochacc":0.045662100456621,"train/acc":0.029503105590062112,"_step":160,"train/loss":1.8860000371932983,"test/1_acc":0.009523809523809525,"_runtime":111.095899759,"train/epochloss":1.8374316096305847,"_wandb":{"runtime":111},"_timestamp":1.742744799365741e+09,"test/top_3_acc":0.06666666666666667,"train/epochtop_1_acc":0.04680365296803653,"test/top_2_acc":0.0380952380952381,"test/0_acc":0.0380952380952381,"train/top_2_acc":0.06366459627329192,"train/smooth_L1_loss":1.0172122716903687,"test/top_1_acc":0.0380952380952381,"train/top_1_acc":0.031055900621118012,"test/3_acc":0,"train/epochtop_2_acc":0.07648401826484018,"test/4_acc":0}