{"test/1_acc":0.009523809523809525,"train/top_3_acc":0.07763975155279502,"test/top_3_acc":0.08571428571428572,"train/epochacc":0.04794520547945205,"train/epochtop_3_acc":0.091324200913242,"_runtime":319.457077463,"train/smooth_L1_loss":1.0172126293182373,"test/0_acc":0.0380952380952381,"train/top_1_acc":0.031055900621118012,"train/top_2_acc":0.06366459627329192,"test/epochacc":0.0380952380952381,"train/lr":1.8900000000000001e-06,"_wandb":{"runtime":334},"train/epochtop_2_acc":0.07534246575342465,"train/cross_entropy_loss":8.687098503112793,"test/4_acc":0,"train/epochtop_1_acc":0.04680365296803653,"test/top_1_acc":0.0380952380952381,"_timestamp":1.7427420906455052e+09,"train/acc":0.031055900621118012,"_step":277,"test/top_2_acc":0.0380952380952381,"train/loss":1.8859224319458008,"test/3_acc":0,"test/2_acc":0.009523809523809525,"train/epochloss":1.837397038936615,"test/epochloss":1.8475050926208496}