{"_wandb":{"runtime":15},"train/epochtop_1_acc":0,"train/acc":0,"_timestamp":1.7427414131448846e+09,"train/epochtop_3_acc":0,"_step":5,"train/loss":2.09781551361084,"train/smooth_L1_loss":1.0341784954071045,"train/top_3_acc":0,"train/epochtop_2_acc":0,"train/lr":9e-08,"train/top_2_acc":0,"train/epochacc":0,"train/cross_entropy_loss":10.636368751525879,"train/top_1_acc":0,"train/epochloss":2.0671257972717285,"_runtime":12.59947776}