{"test/top_1_acc":0.0380952380952381,"train/epochtop_3_acc":0.09360730593607305,"test/top_2_acc":0.0380952380952381,"test/3_acc":0,"train/top_1_acc":0.04192546583850932,"test/epochloss":1.8338297605514526,"train/epochloss":1.8368321657180786,"test/4_acc":0,"_step":277,"_runtime":218.548989407,"test/0_acc":0.0380952380952381,"train/vloss":1.0184296369552612,"_timestamp":1.7426112985010946e+09,"train/ploss":8.601513862609863,"train/epochtop_2_acc":0.07420091324200913,"train/epochtop_1_acc":0.05707762557077625,"train/top_3_acc":0.08540372670807453,"test/top_3_acc":0.05714285714285714,"train/top_2_acc":0.06366459627329192,"test/1_acc":0.009523809523809525,"test/epochacc":0.0380952380952381,"_wandb":{"runtime":225},"train/acc":0.040372670807453416,"train/loss":1.8785810470581055,"test/2_acc":0,"train/epochacc":0.05365296803652968,"train/lr":1.8900000000000001e-06}