{"train/top_3_acc":1,"test/1_acc":0.02857142857142857,"train/acc":0.8571428571428571,"train/epochtop_1_acc":0.9222833562585969,"train/cross_entropy_loss":2.399733543395996,"_wandb":{"runtime":1932},"test/3_acc":0,"test/epochloss":1.6158132553100586,"train/loss":0.24725276231765747,"train/top_1_acc":0.8857142857142857,"train/epochtop_2_acc":0.982806052269601,"_timestamp":1.7434173450428903e+09,"train/epochtop_3_acc":0.9931224209078404,"train/epochacc":0.9277854195323246,"test/2_acc":0,"_step":3975,"train/epochloss":0.24554841220378876,"test/0_acc":0.14285714285714285,"test/top_3_acc":0.24761904761904763,"train/top_2_acc":0.9714285714285714,"train/smooth_L1_loss":0.007279412355273962,"test/4_acc":0,"test/top_2_acc":0.20952380952380953,"test/top_1_acc":0.1523809523809524,"train/lr":2.9959473684210527e-05,"test/epochacc":0.1523809523809524,"_runtime":1931.879401714}